scenario,total,benign,malicious,benign_pct,malicious_pct
original,22544,9711,12833,0.43075762952448543,0.5692423704755145
10pct_attack,10790,9711,1079,0.9,0.1
1pct_attack,9809,9711,98,0.990009175247222,0.009990824752778061
0_1pct_attack,9720,9711,9,0.9990740740740741,0.000925925925925926
