split,total,benign,malicious,benign_pct,malicious_pct
train,125973,67343,58630,0.5345828074269883,0.4654171925730117
test,22544,9711,12833,0.43075762952448543,0.5692423704755145

